{"cameraMode":{"drawMode":0,"name":"Shaded","section":"Shading Mode"},"sceneLighting":false,"audioPlay":false,"sceneViewState":{"showFog":false,"showMaterialUpdate":false,"showSkybox":false,"showFlares":false,"showImageEffects":false,"showParticleSystems":false},"in2DMode":false,"pivot":{"x":4.244210720062256,"y":-0.026381611824035646,"z":8.403553009033204},"rotation":{"x":0.10559799522161484,"y":0.6810966730117798,"z":-0.10021986812353134,"w":0.7175880074501038},"size":12.420173645019532,"orthographic":false}