{"cameraMode":{"drawMode":0,"name":"Shaded","section":"Shading Mode"},"sceneLighting":false,"audioPlay":false,"sceneViewState":{"showFog":false,"showMaterialUpdate":false,"showSkybox":false,"showFlares":false,"showImageEffects":false,"showParticleSystems":false},"in2DMode":false,"pivot":{"x":970.566162109375,"y":533.6893310546875,"z":66.67245483398438},"rotation":{"x":0.02457546256482601,"y":0.045284729450941089,"z":-0.0011076342780143023,"w":0.998681366443634},"size":1495.8280029296875,"orthographic":false}