{"cameraMode":{"drawMode":0,"name":"Shaded","section":"Shading Mode"},"sceneLighting":true,"audioPlay":false,"sceneViewState":{"showFog":true,"showMaterialUpdate":false,"showSkybox":true,"showFlares":true,"showImageEffects":true,"showParticleSystems":true},"in2DMode":false,"pivot":{"x":34.915523529052737,"y":0.023944854736328126,"z":-19.092430114746095},"rotation":{"x":-0.11882872134447098,"y":-0.2881316840648651,"z":0.03606046736240387,"w":-0.9495114088058472},"size":9.066202163696289,"orthographic":false}