{"cameraMode":{"drawMode":0,"name":"Shaded","section":"Shading Mode"},"sceneLighting":false,"audioPlay":false,"sceneViewState":{"showFog":false,"showMaterialUpdate":false,"showSkybox":false,"showFlares":false,"showImageEffects":false,"showParticleSystems":false},"in2DMode":false,"pivot":{"x":1074.7178955078125,"y":693.8321533203125,"z":-94.19847106933594},"rotation":{"x":-0.060948360711336139,"y":-0.4008423984050751,"z":0.0267337616533041,"w":-0.9137338995933533},"size":398.61968994140627,"orthographic":false}