{"cameraMode":{"drawMode":0,"name":"Shaded","section":"Shading Mode"},"sceneLighting":false,"audioPlay":false,"sceneViewState":{"showFog":false,"showMaterialUpdate":false,"showSkybox":false,"showFlares":false,"showImageEffects":false,"showParticleSystems":false},"in2DMode":false,"pivot":{"x":0.8024425506591797,"y":-0.008289515972137452,"z":9.287918090820313},"rotation":{"x":-0.01913663186132908,"y":-0.9329580664634705,"z":0.35596904158592226,"w":-0.05015115439891815},"size":14.946321487426758,"orthographic":false}