{"cameraMode":{"drawMode":0,"name":"Shaded","section":"Shading Mode"},"sceneLighting":false,"audioPlay":false,"sceneViewState":{"showFog":true,"showMaterialUpdate":false,"showSkybox":false,"showFlares":true,"showImageEffects":true,"showParticleSystems":true},"in2DMode":false,"pivot":{"x":-45.0,"y":-4.741387367248535,"z":0.000002384185791015625},"rotation":{"x":-0.08669483661651612,"y":0.06688910722732544,"z":-0.005833966191858053,"w":-0.9939718842506409},"size":165.82513427734376,"orthographic":false}