{"cameraMode":{"drawMode":0,"name":"Shaded","section":"Shading Mode"},"sceneLighting":false,"audioPlay":false,"sceneViewState":{"showFog":false,"showMaterialUpdate":false,"showSkybox":false,"showFlares":false,"showImageEffects":false,"showParticleSystems":false},"in2DMode":false,"pivot":{"x":839.3491821289063,"y":746.3663330078125,"z":-10.008544921875},"rotation":{"x":0.008396908640861512,"y":0.01259414479136467,"z":0.00010226577433058992,"w":-0.9998929500579834},"size":1580.5673828125,"orthographic":false}