{"cameraMode":{"drawMode":0,"name":"Shaded","section":"Shading Mode"},"sceneLighting":false,"audioPlay":false,"sceneViewState":{"showFog":false,"showMaterialUpdate":false,"showSkybox":false,"showFlares":false,"showImageEffects":false,"showParticleSystems":false},"in2DMode":false,"pivot":{"x":-4.7824554443359379,"y":-5.059560775756836,"z":7.1620330810546879},"rotation":{"x":-0.01913663186132908,"y":-0.9329580664634705,"z":0.35596904158592226,"w":-0.05015115439891815},"size":26.35625457763672,"orthographic":false}