{"cameraMode":{"drawMode":0,"name":"Shaded","section":"Shading Mode"},"sceneLighting":false,"audioPlay":false,"sceneViewState":{"showFog":false,"showMaterialUpdate":false,"showSkybox":false,"showFlares":false,"showImageEffects":false,"showParticleSystems":false},"in2DMode":false,"pivot":{"x":38.30977249145508,"y":-44.02668762207031,"z":83.733154296875},"rotation":{"x":0.18916696310043336,"y":0.33267030119895937,"z":-0.06829892098903656,"w":0.9213517904281616},"size":140.95204162597657,"orthographic":false}