{"cameraMode":{"drawMode":0,"name":"Shaded","section":"Shading Mode"},"sceneLighting":false,"audioPlay":false,"sceneViewState":{"showFog":false,"showMaterialUpdate":false,"showSkybox":false,"showFlares":false,"showImageEffects":false,"showParticleSystems":false},"in2DMode":false,"pivot":{"x":11.410001754760743,"y":0.40252685546875,"z":3.720001220703125},"rotation":{"x":-0.01913663186132908,"y":-0.9329580664634705,"z":0.35596904158592226,"w":-0.05015115439891815},"size":382.339111328125,"orthographic":false}