{"cameraMode":{"drawMode":0,"name":"Shaded","section":"Shading Mode"},"sceneLighting":false,"audioPlay":false,"sceneViewState":{"showFog":false,"showMaterialUpdate":false,"showSkybox":false,"showFlares":false,"showImageEffects":false,"showParticleSystems":false},"in2DMode":false,"pivot":{"x":31.14177703857422,"y":-57.203094482421878,"z":-104.87535858154297},"rotation":{"x":0.03094492480158806,"y":0.9639651775360107,"z":-0.2303902804851532,"w":0.12944085896015168},"size":143.8452606201172,"orthographic":false}