{"cameraMode":{"drawMode":0,"name":"Shaded","section":"Shading Mode"},"sceneLighting":false,"audioPlay":false,"sceneViewState":{"showFog":false,"showMaterialUpdate":false,"showSkybox":false,"showFlares":false,"showImageEffects":false,"showParticleSystems":false},"in2DMode":false,"pivot":{"x":18.300743103027345,"y":0.42612457275390627,"z":4.428136825561523},"rotation":{"x":-0.01913663186132908,"y":-0.9329580664634705,"z":0.35596904158592226,"w":-0.05015115439891815},"size":382.339111328125,"orthographic":false}